{"cameraMode":{"drawMode":0,"name":"Shaded","section":"Shading Mode"},"sceneLighting":true,"audioPlay":false,"sceneViewState":{"showFog":true,"showMaterialUpdate":true,"showSkybox":true,"showFlares":true,"showImageEffects":true,"showParticleSystems":true},"in2DMode":false,"pivot":{"x":7.432853698730469,"y":-15.819839477539063,"z":-29.88894271850586},"rotation":{"x":0.2552605867385864,"y":-0.4604986011981964,"z":0.14018474519252778,"w":0.8385419249534607},"size":50.123130798339847,"orthographic":false}