{"cameraMode":{"drawMode":0,"name":"Shaded","section":"Shading Mode"},"sceneLighting":true,"audioPlay":false,"sceneViewState":{"showFog":true,"showMaterialUpdate":true,"showSkybox":true,"showFlares":true,"showImageEffects":true,"showParticleSystems":true},"in2DMode":false,"pivot":{"x":3.3712158203125,"y":-8.38199234008789,"z":-17.595659255981447},"rotation":{"x":0.18552079796791078,"y":0.7614958882331848,"z":-0.24813076853752137,"w":0.5693362355232239},"size":47.474361419677737,"orthographic":false}