{"cameraMode":{"drawMode":0,"name":"Shaded","section":"Shading Mode"},"sceneLighting":true,"audioPlay":false,"sceneViewState":{"showFog":true,"showMaterialUpdate":true,"showSkybox":true,"showFlares":true,"showImageEffects":true,"showParticleSystems":true},"in2DMode":false,"pivot":{"x":-31.815067291259767,"y":2.2559165954589845,"z":85.615478515625},"rotation":{"x":-0.3685002028942108,"y":-0.30075520277023318,"z":0.12733381986618043,"w":-0.870370090007782},"size":60.06840133666992,"orthographic":false}