{"cameraMode":{"drawMode":0,"name":"Shaded","section":"Shading Mode"},"sceneLighting":true,"audioPlay":false,"sceneViewState":{"showFog":true,"showMaterialUpdate":true,"showSkybox":true,"showFlares":true,"showImageEffects":true,"showParticleSystems":true},"in2DMode":false,"pivot":{"x":-0.29223641753196719,"y":0.9375936985015869,"z":-3.501194953918457},"rotation":{"x":0.0006235148757696152,"y":0.9965783357620239,"z":-0.0824047178030014,"w":0.007473740726709366},"size":14.963865280151368,"orthographic":false}