{"cameraMode":{"drawMode":0,"name":"Shaded","section":"Shading Mode"},"sceneLighting":true,"audioPlay":false,"sceneViewState":{"showFog":true,"showMaterialUpdate":true,"showSkybox":true,"showFlares":true,"showImageEffects":true,"showParticleSystems":true},"in2DMode":false,"pivot":{"x":-2.9460983276367189,"y":-44.92999267578125,"z":24.71491241455078},"rotation":{"x":0.32289713621139529,"y":-0.11854774504899979,"z":0.040809981524944308,"w":0.9381051659584045},"size":71.89433288574219,"orthographic":false}