{"cameraMode":{"drawMode":0,"name":"Shaded","section":"Shading Mode"},"sceneLighting":true,"audioPlay":false,"sceneViewState":{"showFog":true,"showMaterialUpdate":true,"showSkybox":true,"showFlares":true,"showImageEffects":true,"showParticleSystems":true},"in2DMode":false,"pivot":{"x":-9.941723823547364,"y":-52.65922164916992,"z":41.24360656738281},"rotation":{"x":0.33492037653923037,"y":-0.25520819425582888,"z":0.09476560354232788,"w":0.9020944237709045},"size":118.02153778076172,"orthographic":false}